{
    "bed_bath_table": 78.62927803639344,
    "computers_accessories": 119.48232289202898,
    "consoles_games": 27.03376623363636,
    "cool_stuff": 107.85751177614034,
    "furniture_decor": 60.154262474583334,
    "garden_tools": 80.09469912275,
    "health_beauty": 132.30986998661538,
    "perfumery": 89.34881257692308,
    "watches_gifts": 164.88000698708737
}